{
  "main": {
    "name":"Aman Vijay",
    "occupation":"Web Developer",
    "description":"Trained in and have industry experience in Full Stack development(Angular, Java, SQL, AWS, MySQL), currentlyworking as Front end developer. Cloud enthusiasts love to work on emerging technologies.",
    "image":"profilepicAman.jpg",
    "bio":"https://resume-973df.web.app",
    "contactmessage":"Get in touch with me",
    "email": "amanvijayv@gmail.com",
    "phone": "+91-9649740690",
    "address":{
      "street":"35-A, Mansagar Colony, Pratap Nagar",
      "city":"Jaipur",
      "state":"Rajasthan",
      "zip": "302033"
    },
    "website": "https://www.amanvijay.in",
    "resumedownload":"#",
    "social":[
      {
        "name":"facebook",
        "url":"#",
        "className":"fa fa-facebook"
      },
      {
        "name":"twitter",
        "url":"#",
        "className":"fa fa-twitter"
      },
      {
        "name":"linkedin",
        "url":"inkedin.com/in/amanvijayv",
        "className":"fa fa-linkedin"
      },
      {
        "name":"instagram",
        "url":"#",
        "className":"fa fa-instagram"
      },
      {
        "name":"github",
        "url":"#",
        "className":"fa fa-github"
      }
    ]
  },
  "resume":{
    "skillmessage":"Here you can create a short write-up of your skills to show off to employers",
    "education":[
      {
        "school":"Jaipur Engineering College and Research Centre",
        "degree":"Bachelor of Technology in Computer Science",
        "graduated":"May 2019",
        "description":""
      },
      {
        "school":"St. Joseph Convent School",
        "degree":"HSC",
        "graduated":"May 2014",
        "description":""
      }
    ],
    "work":[
      {
        "company":"Capgemini",
        "title":"Senior Software Engineer",
        "years":"November 2020 - Present",
        "description":"Designed UI architecture to refactor single angular application-based UI to multiple angular libraries for better reusability."
      },
      {
        "company":"Capgemini",
        "title":"Software Engineer",
        "years":"May 2020 - October 2020",
        "description":"Worked as Front end developer and responsible for developing a single-page application in Angular 7."
      }
    ],
    "skills":[
      {
        "name":"Angular",
        "level":"65%"
      },
      {
        "name":"HTML5",
        "level":"90%"
      },
      {
        "name":"CSS",
        "level":"80%"
      },
      {
        "name":"AWS",
        "level":"20%"
      }
    ]
  },
  "portfolio":{
    "projects": [
      {
        "title":" Website",
        "category":"Website for a Non Government Organisation",
        "image":"canadian-wanderlust.jpg",
        "url":"#"
      }
    ]
  },
  "testimonials":{
    "testimonials":[
      {
        "text":"Demo",
        "user":"Brian McCabe, The Adecco Group"
      }
    ]
  }
}
